{"cameraMode":{"drawMode":0,"name":"Shaded","section":"Shading Mode"},"sceneLighting":false,"audioPlay":false,"sceneViewState":{"m_AlwaysRefresh":false,"showFog":true,"showSkybox":true,"showFlares":true,"showImageEffects":true,"showParticleSystems":true,"showVisualEffectGraphs":true,"m_FxEnabled":false},"in2DMode":false,"pivot":{"x":1.0436421632766724,"y":1.5587859153747559,"z":5.0922369956970219},"rotation":{"x":-0.11765704303979874,"y":0.8571545481681824,"z":-0.2251180112361908,"w":-0.4481683373451233},"size":10.487567901611329,"orthographic":false}