{"cameraMode":{"drawMode":0,"name":"Shaded","section":"Shading Mode"},"sceneLighting":false,"audioPlay":false,"sceneViewState":{"m_AlwaysRefresh":false,"showFog":true,"showSkybox":true,"showFlares":true,"showImageEffects":true,"showParticleSystems":true,"showVisualEffectGraphs":true,"m_FxEnabled":false},"in2DMode":false,"pivot":{"x":-0.883101761341095,"y":26.254688262939454,"z":0.23666541278362275},"rotation":{"x":0.18496115505695344,"y":0.6409363746643066,"z":-0.16334562003612519,"w":0.7270104289054871},"size":0.8660253882408142,"orthographic":false}