{"cameraMode":{"drawMode":0,"name":"Shaded","section":"Shading Mode"},"sceneLighting":false,"audioPlay":false,"sceneViewState":{"m_AlwaysRefresh":false,"showFog":true,"showSkybox":true,"showFlares":true,"showImageEffects":true,"showParticleSystems":true,"showVisualEffectGraphs":true,"m_FxEnabled":false},"in2DMode":false,"pivot":{"x":-0.23756732046604157,"y":49.22951126098633,"z":-1.1981580257415772},"rotation":{"x":0.6731299161911011,"y":0.05856817960739136,"z":-0.053628984838724139,"w":0.7352652549743652},"size":0.17320530116558076,"orthographic":false}